episode,decision,time_s,x_m,y_m,energy_j
1,0,0.0,0.4899,0.00167,0.0
1,1,0.2,0.51511,0.0263,20.333
1,2,0.4,0.62899,0.15219,73.112
1,3,0.6,0.68317,0.32997,116.649
1,4,0.8,0.67341,0.5456,158.917
1,5,1.0,0.60973,0.81834,199.151
1,6,1.2,0.479,1.1274,275.195
1,7,1.4,0.26148,1.43702,407.978
1,8,1.6,-0.01906,1.63355,480.566
1,9,1.8,-0.3292,1.8166,549.52
1,10,2.0,-0.63156,2.03425,642.34
1,11,2.2,-0.8776,2.27675,729.308
2,0,0.0,0.54722,0.0291,0.0
2,1,0.2,0.57548,0.05244,20.279
2,2,0.4,0.71509,0.16828,74.271
2,3,0.6,0.8928,0.33004,135.318
2,4,0.8,0.98745,0.40036,272.27
2,5,1.0,0.95422,0.40825,387.733
2,6,1.2,0.89929,0.40109,483.031
2,7,1.4,0.87344,0.42673,555.075
2,8,1.6,0.8832,0.44194,628.216
2,9,1.8,0.89247,0.41959,728.872
2,10,2.0,0.89283,0.41694,814.414
2,11,2.2,0.90239,0.4245,889.883
2,12,2.4,0.90343,0.42751,964.689
2,13,2.6,0.90438,0.43277,1039.044
2,14,2.8,0.90439,0.44282,1108.593
2,15,3.0,0.90784,0.43722,1185.328
2,16,3.2,0.94024,0.4466,1269.627
2,17,3.4,0.96184,0.4599,1339.583
2,18,3.6,0.97355,0.47107,1396.652
2,19,3.8,0.97589,0.50116,1491.066
2,20,4.0,0.97345,0.5168,1545.157
2,21,4.2,0.96333,0.53791,1608.945
2,22,4.4,0.97027,0.54402,1720.939
2,23,4.6,0.99753,0.55051,1816.083
2,24,4.8,1.0046,0.55103,1896.814
2,25,5.0,1.01128,0.54339,1960.86
2,26,5.2,1.00879,0.54696,1998.34
2,27,5.4,0.99906,0.54148,2067.617
2,28,5.6,0.99181,0.53053,2189.745
2,29,5.8,0.96757,0.51282,2320.222
2,30,6.0,0.91318,0.52162,2449.201
3,0,0.0,0.45194,0.02733,0.0
3,1,0.2,0.47915,0.04933,18.362
3,2,0.4,0.59261,0.15039,60.756
3,3,0.6,0.6196,0.23995,90.847
3,4,0.8,0.52562,0.33528,119.569
3,5,1.0,0.37341,0.45143,183.235
3,6,1.2,0.09757,0.5971,238.201
3,7,1.4,-0.24005,0.72452,308.124
3,8,1.6,-0.57231,0.85463,415.769
3,9,1.8,-0.8833,1.0078,485.284
4,0,0.0,0.52874,-0.03656,0.0
4,1,0.2,0.55437,-0.01445,21.192
4,2,0.4,0.69222,0.10289,77.141
4,3,0.6,0.85826,0.27096,135.368
4,4,0.8,0.97885,0.39693,223.72
4,5,1.0,0.98502,0.37813,338.138
4,6,1.2,0.93798,0.39115,432.199
4,7,1.4,0.90874,0.44409,551.427
4,8,1.6,0.90997,0.43543,636.047
4,9,1.8,0.91199,0.43346,694.069
4,10,2.0,0.90824,0.44229,798.343
4,11,2.2,0.9217,0.46326,908.973
4,12,2.4,0.92526,0.49321,978.092
4,13,2.6,0.9725,0.50996,1070.805
4,14,2.8,0.98108,0.52033,1120.207
4,15,3.0,0.96726,0.5405,1217.449
4,16,3.2,0.96868,0.56639,1266.807
4,17,3.4,0.99229,0.56029,1356.06
4,18,3.6,1.00187,0.55399,1439.725
4,19,3.8,1.00968,0.5576,1514.699
4,20,4.0,1.0233,0.5728,1583.659
4,21,4.2,1.01338,0.59297,1635.043
4,22,4.4,1.0338,0.63065,1681.478
4,23,4.6,1.04262,0.65829,1720.015
4,24,4.8,1.05609,0.66032,1772.807
4,25,5.0,1.08679,0.66654,1810.59
4,26,5.2,0.98652,0.66596,1887.105
4,27,5.4,0.99008,0.64197,1988.84
4,28,5.6,1.00817,0.61161,2096.837
4,29,5.8,0.994,0.60616,2191.934
4,30,6.0,0.99402,0.60559,2296.509
4,31,6.2,1.00913,0.61017,2355.915
4,32,6.4,0.98689,0.60036,2426.234
4,33,6.6,0.9738,0.60266,2564.254
4,34,6.8,0.99944,0.5973,2638.841
4,35,7.0,1.01196,0.58495,2715.916
4,36,7.2,1.00921,0.57087,2803.074
4,37,7.4,1.00374,0.55724,2877.636
4,38,7.6,0.99791,0.56206,2986.529
4,39,7.8,0.9923,0.57131,3100.831
4,40,8.0,0.99136,0.57686,3213.764
4,41,8.2,0.98649,0.60008,3328.445
4,42,8.4,0.98682,0.66088,3445.499
4,43,8.6,0.99236,0.69813,3556.03
4,44,8.8,1.02188,0.72674,3613.522
4,45,9.0,1.044,0.74788,3661.349
4,46,9.2,1.03916,0.74834,3733.967
4,47,9.4,1.08366,0.73,3769.701
4,48,9.6,1.01129,0.74334,3854.033
4,49,9.8,0.99471,0.73661,3980.748
4,50,10.0,0.98291,0.7177,4091.078
4,51,10.2,0.98329,0.71072,4174.914
4,52,10.4,0.99858,0.70174,4210.756
4,53,10.6,0.99565,0.67785,4310.792
4,54,10.8,1.00978,0.6739,4428.489
4,55,11.0,1.01304,0.66308,4498.29
4,56,11.2,0.99972,0.65041,4618.82
4,57,11.4,0.98297,0.65082,4710.998
4,58,11.6,0.98923,0.68326,4827.854
4,59,11.8,1.00702,0.70409,4894.9
4,60,12.0,1.01317,0.71462,4965.39
4,61,12.2,1.04024,0.71957,5034.521
4,62,12.4,1.04746,0.72209,5067.601
4,63,12.6,1.0477,0.71912,5119.002
4,64,12.8,1.07386,0.72476,5153.542
4,65,13.0,1.03309,0.73233,5208.012
4,66,13.2,1.09659,0.70464,5237.135
4,67,13.4,1.06346,0.69554,5290.975
4,68,13.6,1.05842,0.70212,5398.047
4,69,13.8,1.05849,0.72732,5450.497
4,70,14.0,1.06401,0.73441,5490.65
4,71,14.2,1.03871,0.73391,5533.819
4,72,14.4,1.07157,0.74102,5567.684
4,73,14.6,1.03122,0.74481,5620.209
4,74,14.8,1.0846,0.72108,5647.221
4,75,15.0,1.01252,0.73377,5698.905
4,76,15.2,1.03716,0.71303,5754.885
4,77,15.4,1.06008,0.68626,5842.042
4,78,15.6,1.05203,0.68031,5884.329
4,79,15.8,1.02604,0.65502,5952.68
4,80,16.0,1.0166,0.64141,6031.255
4,81,16.2,0.99112,0.63046,6163.105
4,82,16.4,0.97884,0.6287,6240.656
4,83,16.6,0.97821,0.64006,6370.061
4,84,16.8,0.98318,0.68759,6469.335
4,85,17.0,0.99665,0.72522,6577.874
4,86,17.2,1.02221,0.75501,6639.127
4,87,17.4,1.03173,0.755,6705.305
4,88,17.6,1.07827,0.68954,6765.214
4,89,17.8,1.05953,0.65201,6828.819
4,90,18.0,1.01046,0.59183,6886.458
4,91,18.2,0.93227,0.58172,6974.368
5,0,0.0,0.54345,0.03207,0.0
5,1,0.2,0.57174,0.05457,19.683
5,2,0.4,0.70558,0.17342,76.271
5,3,0.6,0.82911,0.35005,120.42
5,4,0.8,0.91906,0.55881,174.553
5,5,1.0,0.98019,0.78324,244.801
5,6,1.2,1.08129,0.96543,399.801
5,7,1.4,1.20492,1.05052,530.743
6,0,0.0,0.49503,0.03435,0.0
6,1,0.2,0.52378,0.05704,20.775
6,2,0.4,0.66667,0.18143,73.517
6,3,0.6,0.84002,0.35135,137.409
6,4,0.8,0.95194,0.52408,197.934
6,5,1.0,0.98429,0.68669,250.162
6,6,1.2,1.02136,0.84754,318.772
6,7,1.4,1.13881,0.89997,462.105
6,8,1.6,1.15908,0.91896,612.621
7,0,0.0,0.52136,-0.04443,0.0
7,1,0.2,0.55024,-0.01998,21.68
7,2,0.4,0.69474,0.10162,80.524
7,3,0.6,0.86894,0.28333,138.677
7,4,0.8,1.0199,0.39058,211.735
7,5,1.0,1.04268,0.36982,348.916
7,6,1.2,0.98201,0.34533,462.307
7,7,1.4,0.8898,0.3756,550.712
7,8,1.6,0.87924,0.44483,697.807
7,9,1.8,0.88644,0.44095,778.779
7,10,2.0,0.91645,0.41853,841.824
7,11,2.2,0.96211,0.39163,919.093
7,12,2.4,0.94707,0.37941,1005.73
7,13,2.6,0.89501,0.36438,1059.959
7,14,2.8,0.89561,0.37689,1140.782
7,15,3.0,0.88558,0.4012,1257.02
7,16,3.2,0.90626,0.38544,1320.978
7,17,3.4,0.91161,0.39573,1380.579
7,18,3.6,0.90267,0.37108,1425.654
7,19,3.8,0.92637,0.42605,1456.688
7,20,4.0,0.90283,0.4015,1544.612
7,21,4.2,0.87906,0.34922,1645.199
7,22,4.4,0.8769,0.32453,1768.49
7,23,4.6,0.89807,0.28282,1863.678
7,24,4.8,0.87897,0.26474,1953.947
7,25,5.0,0.86459,0.24962,2086.507
7,26,5.2,0.86159,0.24393,2166.857
7,27,5.4,0.84846,0.23552,2288.538
7,28,5.6,0.83306,0.24942,2354.721
7,29,5.8,0.84529,0.23629,2387.921
7,30,6.0,0.88687,0.20686,2442.899
7,31,6.2,0.92261,0.16767,2513.993
7,32,6.4,0.93444,0.13341,2611.635
7,33,6.6,0.93932,0.13316,2677.569
7,34,6.8,0.93396,0.12745,2769.516
7,35,7.0,0.90747,0.14403,2886.62
7,36,7.2,0.89324,0.18522,2998.302
7,37,7.4,0.90302,0.19446,3037.11
7,38,7.6,0.93507,0.19774,3106.487
7,39,7.8,0.91217,0.19761,3211.068
7,40,8.0,0.89112,0.17784,3347.104
7,41,8.2,0.87263,0.18062,3444.428
7,42,8.4,0.87762,0.15609,3602.565
7,43,8.6,0.86555,0.15414,3716.379
7,44,8.8,0.84916,0.16376,3794.195
7,45,9.0,0.86338,0.1271,3869.233
7,46,9.2,0.88537,0.13859,3909.261
7,47,9.4,0.87355,0.14024,4005.566
7,48,9.6,0.86249,0.13741,4067.013
7,49,9.8,0.88149,0.11118,4118.872
7,50,10.0,0.86709,0.06584,4190.887
7,51,10.2,0.8468,0.04147,4302.359
7,52,10.4,0.88258,0.00391,4375.195
7,53,10.6,0.89763,-0.03617,4458.511
7,54,10.8,0.88737,-0.07552,4541.861
7,55,11.0,0.91596,-0.10827,4614.084
7,56,11.2,0.9259,-0.11743,4707.059
7,57,11.4,0.89473,-0.11506,4785.951
7,58,11.6,0.90702,-0.13263,4859.225
7,59,11.8,0.94106,-0.16774,4943.575
7,60,12.0,0.89522,-0.17734,5027.55
7,61,12.2,0.88366,-0.19509,5105.829
7,62,12.4,0.92981,-0.20643,5174.603
7,63,12.6,0.92645,-0.22428,5268.102
7,64,12.8,0.93294,-0.21906,5339.893
7,65,13.0,0.9182,-0.24957,5416.091
7,66,13.2,0.93765,-0.29521,5520.909
7,67,13.4,0.92606,-0.32898,5608.647
7,68,13.6,0.95176,-0.39916,5655.546
7,69,13.8,0.94903,-0.44422,5736.707
7,70,14.0,0.97808,-0.54042,5840.396
7,71,14.2,1.036,-0.59743,5903.834
7,72,14.4,1.11788,-0.64077,6061.7
8,0,0.0,0.5159,-0.04164,0.0
8,1,0.2,0.54162,-0.01926,21.444
8,2,0.4,0.67748,0.10355,75.781
8,3,0.6,0.81967,0.25215,140.144
8,4,0.8,0.94468,0.38599,181.342
8,5,1.0,1.04444,0.48379,276.155
8,6,1.2,1.05619,0.46245,384.684
8,7,1.4,1.02961,0.46225,512.602
8,8,1.6,0.94288,0.47564,653.74
8,9,1.8,0.86163,0.49435,825.273
8,10,2.0,0.8317,0.55553,902.227
8,11,2.2,0.84957,0.61253,1119.515
8,12,2.4,0.90557,0.64906,1302.314
9,0,0.0,0.47491,0.0242,0.0
9,1,0.2,0.49888,0.04988,20.137
9,2,0.4,0.61924,0.18965,74.991
9,3,0.6,0.7278,0.38218,122.004
9,4,0.8,0.78006,0.60421,169.398
9,5,1.0,0.78065,0.86697,241.438
9,6,1.2,0.70828,1.12908,344.499
9,7,1.4,0.54163,1.37971,405.251
9,8,1.6,0.29021,1.58328,462.479
9,9,1.8,-0.01708,1.74595,569.263
9,10,2.0,-0.38678,1.80763,667.635
9,11,2.2,-0.75975,1.8595,768.407
9,12,2.4,-1.11265,1.87632,833.494
10,0,0.0,0.50895,0.03242,0.0
10,1,0.2,0.53551,0.05516,22.46
10,2,0.4,0.67238,0.17668,81.628
10,3,0.6,0.79518,0.36085,127.521
10,4,0.8,0.89243,0.58223,189.76
10,5,1.0,0.95459,0.82904,249.564
10,6,1.2,1.00869,1.08627,341.115
10,7,1.4,1.1388,1.29355,492.938
11,0,0.0,0.53417,0.00684,0.0
11,1,0.2,0.56393,0.03028,19.936
11,2,0.4,0.69571,0.14378,74.232
11,3,0.6,0.83162,0.32586,122.126
11,4,0.8,0.95274,0.54331,179.366
11,5,1.0,1.07255,0.755,258.829
11,6,1.2,1.1175,0.88656,393.646
12,0,0.0,0.51288,-0.0473,0.0
12,1,0.2,0.54124,-0.02397,20.972
12,2,0.4,0.68147,0.09609,72.725
12,3,0.6,0.84329,0.24929,129.1
12,4,0.8,0.95897,0.37603,197.073
12,5,1.0,0.97357,0.32239,274.095
12,6,1.2,0.9638,0.30008,416.176
12,7,1.4,0.88924,0.37692,495.66
12,8,1.6,0.85444,0.46219,591.649
12,9,1.8,0.88228,0.36687,680.332
12,10,2.0,0.94997,0.25742,799.392
12,11,2.2,0.9706,0.23114,887.207
12,12,2.4,0.88954,0.20146,1022.776
12,13,2.6,0.87622,0.17404,1100.731
12,14,2.8,0.89834,0.14977,1187.174
12,15,3.0,0.92912,0.14899,1268.942
12,16,3.2,0.94604,0.13965,1346.154
12,17,3.4,0.93272,0.15632,1395.347
12,18,3.6,0.91711,0.15655,1483.78
12,19,3.8,0.90904,0.10451,1551.002
12,20,4.0,0.92173,0.10816,1678.295
12,21,4.2,0.89405,0.11391,1777.99
12,22,4.4,0.82843,0.09139,1865.065
12,23,4.6,0.80953,0.07806,1891.704
12,24,4.8,0.7951,0.06175,1944.006
12,25,5.0,0.80424,0.03092,2040.834
12,26,5.2,0.82121,-0.04409,2160.133
12,27,5.4,0.85012,-0.08835,2287.607
12,28,5.6,0.80927,-0.13168,2367.376
12,29,5.8,0.82894,-0.19021,2418.994
12,30,6.0,0.83084,-0.19965,2471.387
12,31,6.2,0.80043,-0.08918,2512.232
12,32,6.4,0.73435,0.0942,2568.072
12,33,6.6,0.53054,0.28264,2645.72
12,34,6.8,0.26719,0.42428,2701.758
12,35,7.0,-0.03977,0.53875,2773.127
12,36,7.2,-0.3668,0.7003,2834.437
12,37,7.4,-0.66265,0.86767,2910.71
12,38,7.6,-0.94889,1.02356,2969.17
13,0,0.0,0.51457,-0.01116,0.0
13,1,0.2,0.54008,0.01154,19.738
13,2,0.4,0.66649,0.13433,73.558
13,3,0.6,0.78049,0.29941,136.28
13,4,0.8,0.85421,0.48363,182.322
13,5,1.0,0.90474,0.7316,248.141
13,6,1.2,0.95706,0.98799,330.082
13,7,1.4,1.08997,1.17217,421.097
13,8,1.6,1.30836,1.27895,567.936
13,9,1.8,1.52817,1.31715,714.738
14,0,0.0,0.4855,-0.00061,0.0
14,1,0.2,0.51386,0.02238,19.44
14,2,0.4,0.65402,0.14478,81.38
14,3,0.6,0.76523,0.30874,136.535
14,4,0.8,0.78648,0.48744,187.028
14,5,1.0,0.76578,0.66783,229.573
14,6,1.2,0.68029,0.82942,274.746
14,7,1.4,0.46516,0.99404,369.534
14,8,1.6,0.19328,1.08332,436.573
14,9,1.8,-0.12948,1.13431,508.692
14,10,2.0,-0.47734,1.23118,592.333
14,11,2.2,-0.7499,1.39911,673.152
14,12,2.4,-0.98895,1.62461,776.459
15,0,0.0,0.45325,0.04853,0.0
15,1,0.2,0.4841,0.06882,18.577
15,2,0.4,0.63532,0.18581,80.528
15,3,0.6,0.77766,0.3427,142.241
15,4,0.8,0.87302,0.52939,185.752
15,5,1.0,0.91574,0.75288,228.148
15,6,1.2,0.9062,1.00809,276.374
15,7,1.4,0.89391,1.23486,393.512
15,8,1.6,0.89197,1.31007,598.704
15,9,1.8,0.90835,1.32581,699.294
15,10,2.0,0.89654,1.31526,866.846
15,11,2.2,0.90902,1.30545,1026.073
15,12,2.4,0.93663,1.26891,1143.655
15,13,2.6,1.00257,1.15818,1225.829
16,0,0.0,0.51364,0.01333,0.0
16,1,0.2,0.54295,0.03858,24.902
16,2,0.4,0.64606,0.14323,79.455
16,3,0.6,0.68702,0.32233,117.807
16,4,0.8,0.64765,0.54044,195.227
16,5,1.0,0.46463,0.7505,238.494
16,6,1.2,0.20029,0.96341,312.631
16,7,1.4,-0.08772,1.16983,417.746
16,8,1.6,-0.37511,1.34873,496.724
16,9,1.8,-0.64149,1.53575,558.884
16,10,2.0,-0.92318,1.71749,645.334
17,0,0.0,0.50835,0.01083,0.0
17,1,0.2,0.53548,0.03267,18.933
17,2,0.4,0.65026,0.14976,70.094
17,3,0.6,0.71223,0.32148,112.62
17,4,0.8,0.70856,0.53785,190.427
17,5,1.0,0.64706,0.74819,230.326
17,6,1.2,0.52324,0.95075,269.522
17,7,1.4,0.30866,1.1197,324.443
17,8,1.6,0.03668,1.21628,453.258
17,9,1.8,-0.28186,1.23505,528.917
17,10,2.0,-0.60557,1.29939,618.583
17,11,2.2,-0.86527,1.46581,691.726
18,0,0.0,0.49186,-0.00461,0.0
18,1,0.2,0.51773,0.01941,20.357
18,2,0.4,0.64462,0.13725,63.69
18,3,0.6,0.82357,0.29327,125.636
18,4,0.8,0.93872,0.38676,209.433
18,5,1.0,0.89218,0.3001,273.161
18,6,1.2,0.86336,0.20789,339.372
18,7,1.4,0.90941,0.16278,439.139
18,8,1.6,0.93766,0.12633,489.817
18,9,1.8,0.92046,0.11,521.827
18,10,2.0,0.82716,0.20533,560.585
18,11,2.2,0.65849,0.35811,607.126
18,12,2.4,0.43654,0.54528,679.597
18,13,2.6,0.13266,0.69408,764.909
18,14,2.8,-0.17747,0.87394,854.453
18,15,3.0,-0.47613,1.03703,921.507
18,16,3.2,-0.78807,1.19784,976.303
18,17,3.4,-1.12021,1.41555,1040.096
19,0,0.0,0.46038,0.04052,0.0
19,1,0.2,0.48501,0.06091,19.436
19,2,0.4,0.60931,0.17986,74.903
19,3,0.6,0.7521,0.34931,134.419
19,4,0.8,0.88492,0.56696,188.015
19,5,1.0,1.02566,0.74102,238.062
19,6,1.2,1.15985,0.86353,341.75
19,7,1.4,1.18405,0.8798,523.179
20,0,0.0,0.51288,-0.02454,0.0
20,1,0.2,0.53769,-0.00111,20.167
20,2,0.4,0.66097,0.12321,79.772
20,3,0.6,0.77023,0.2922,135.242
20,4,0.8,0.83289,0.48439,184.654
20,5,1.0,0.87862,0.72455,233.967
20,6,1.2,0.90214,1.00138,301.465
20,7,1.4,0.90139,1.25571,390.636
20,8,1.6,0.90076,1.52771,460.813
20,9,1.8,0.87131,1.77302,565.774
20,10,2.0,0.79197,1.94352,640.605
20,11,2.2,0.66758,2.07842,695.892
20,12,2.4,0.47141,2.21891,742.449
20,13,2.6,0.21922,2.33135,833.848
20,14,2.8,-0.05024,2.39937,920.46
20,15,3.0,-0.32542,2.55371,975.241
20,16,3.2,-0.54005,2.80016,1030.168
20,17,3.4,-0.72757,3.0781,1092.838
20,18,3.6,-0.92846,3.35843,1172.736
