episode,layout,split,geometry,success,reason,energy_j,path_length_m,final_distance_m,decisions,asphalt_entry,ice_entry,ramp_entry,gravel_entry,rocks_entry,obstacles_entry,stairs_entry,energy_j_per_m
1,stairs_rocks__mixed,test,short_costly,0,unsafe,729.31,3.021,5.647,11,0,0,0,1,1,0,0,241.41
2,stairs_rocks__mixed,test,short_costly,0,unsafe,2449.2,1.097,4.996,30,0,1,0,1,1,0,1,2232.63
3,stairs_rocks__mixed,test,short_costly,0,unsafe,485.28,1.982,6.159,9,0,0,0,1,1,0,0,244.84
4,stairs_rocks__mixed,test,short_costly,0,unsafe,6974.37,3.099,4.941,91,0,1,0,1,1,0,1,2250.52
5,stairs_rocks__mixed,test,short_costly,0,unsafe,530.74,1.249,4.422,7,0,1,0,1,1,0,0,424.93
6,stairs_rocks__mixed,test,short_costly,0,unsafe,612.62,1.162,4.545,8,0,1,0,1,1,0,0,527.21
7,stairs_rocks__mixed,test,short_costly,0,unsafe,6061.7,3.081,5.742,72,0,1,0,1,1,0,1,1967.45
8,stairs_rocks__mixed,test,short_costly,0,unsafe,1302.31,1.163,4.914,12,0,0,0,1,0,0,0,1119.79
9,stairs_rocks__mixed,test,short_costly,0,unsafe,833.49,3.28,6.001,12,0,0,0,1,1,0,0,254.11
10,stairs_rocks__mixed,test,short_costly,0,unsafe,492.94,1.443,4.315,7,0,0,0,1,1,0,0,341.61
11,stairs_rocks__mixed,test,short_costly,0,unsafe,393.65,1.07,4.597,6,0,0,0,1,1,0,0,367.9
12,stairs_rocks__mixed,test,short_costly,0,unsafe,2969.17,4.139,6.209,38,0,0,0,1,1,0,1,717.36
13,stairs_rocks__mixed,test,short_costly,0,unsafe,714.74,1.817,4.004,9,0,1,0,1,1,0,0,393.36
14,stairs_rocks__mixed,test,short_costly,0,unsafe,776.46,2.859,5.981,12,0,0,0,1,1,0,0,271.58
15,stairs_rocks__mixed,test,short_costly,0,unsafe,1225.83,1.664,4.506,13,0,0,0,1,1,0,0,736.68
16,stairs_rocks__mixed,test,short_costly,0,unsafe,645.33,2.563,5.884,10,0,0,0,1,1,0,0,251.79
17,stairs_rocks__mixed,test,short_costly,0,unsafe,691.73,2.574,5.934,11,0,0,0,1,1,0,0,268.74
18,stairs_rocks__mixed,test,short_costly,0,unsafe,1040.1,3.36,6.186,17,0,0,0,1,1,0,0,309.55
19,stairs_rocks__mixed,test,short_costly,0,unsafe,523.18,1.115,4.553,7,0,1,0,1,1,0,0,469.22
20,stairs_rocks__mixed,test,short_costly,0,unsafe,1172.74,4.398,5.466,18,0,1,0,1,1,0,0,266.65
