route,episode,success,route_followed,reason,start_x_m,start_y_m,goal_x_m,goal_y_m,speed_cap_m_s,energy_j,path_length_m,gravel_body_m,row4_ramp_body_m,row3_asphalt_body_m,final_distance_m,actions
direct,1,1,1,goal,26.0,15.0,28.5,9.0,0.8,983.69,6.056,1.919,1.334,0.0,0.519,39
direct,2,1,1,goal,26.0,15.0,28.5,9.0,0.8,990.33,6.062,1.978,1.341,0.0,0.514,39
direct,3,1,1,goal,26.0,15.0,28.5,9.0,0.8,990.33,6.062,1.978,1.341,0.0,0.514,39
direct,4,1,1,goal,26.0,15.0,28.5,9.0,0.8,990.33,6.062,1.978,1.341,0.0,0.514,39
direct,5,1,1,goal,26.0,15.0,28.5,9.0,0.8,990.33,6.062,1.978,1.341,0.0,0.514,39
direct,6,1,1,goal,26.0,15.0,28.5,9.0,0.8,990.33,6.062,1.978,1.341,0.0,0.514,39
direct,7,1,1,goal,26.0,15.0,28.5,9.0,0.8,990.33,6.062,1.978,1.341,0.0,0.514,39
direct,8,1,1,goal,26.0,15.0,28.5,9.0,0.8,990.33,6.062,1.978,1.341,0.0,0.514,39
direct,9,1,1,goal,26.0,15.0,28.5,9.0,0.8,990.33,6.062,1.978,1.341,0.0,0.514,39
direct,10,1,1,goal,26.0,15.0,28.5,9.0,0.8,990.33,6.062,1.978,1.341,0.0,0.514,39
direct,11,1,1,goal,26.0,15.0,28.5,9.0,0.8,990.33,6.062,1.978,1.341,0.0,0.514,39
direct,12,1,1,goal,26.0,15.0,28.5,9.0,0.8,990.33,6.062,1.978,1.341,0.0,0.514,39
direct,13,1,1,goal,26.0,15.0,28.5,9.0,0.8,990.33,6.062,1.978,1.341,0.0,0.514,39
direct,14,1,1,goal,26.0,15.0,28.5,9.0,0.8,990.33,6.062,1.978,1.341,0.0,0.514,39
direct,15,1,1,goal,26.0,15.0,28.5,9.0,0.8,990.33,6.062,1.978,1.341,0.0,0.514,39
direct,16,1,1,goal,26.0,15.0,28.5,9.0,0.8,990.33,6.062,1.978,1.341,0.0,0.514,39
direct,17,1,1,goal,26.0,15.0,28.5,9.0,0.8,990.33,6.062,1.978,1.341,0.0,0.514,39
direct,18,1,1,goal,26.0,15.0,28.5,9.0,0.8,990.33,6.062,1.978,1.341,0.0,0.514,39
direct,19,1,1,goal,26.0,15.0,28.5,9.0,0.8,990.33,6.062,1.978,1.341,0.0,0.514,39
direct,20,1,1,goal,26.0,15.0,28.5,9.0,0.8,990.33,6.062,1.978,1.341,0.0,0.514,39
avoid,1,1,1,goal,26.0,15.0,28.5,9.0,0.8,1127.58,6.861,0.0,3.062,0.891,0.383,45
avoid,2,1,1,goal,26.0,15.0,28.5,9.0,0.8,1127.58,6.861,0.0,3.062,0.891,0.383,45
avoid,3,1,1,goal,26.0,15.0,28.5,9.0,0.8,1127.58,6.861,0.0,3.062,0.891,0.383,45
avoid,4,1,1,goal,26.0,15.0,28.5,9.0,0.8,1127.58,6.861,0.0,3.062,0.891,0.383,45
avoid,5,1,1,goal,26.0,15.0,28.5,9.0,0.8,1127.58,6.861,0.0,3.062,0.891,0.383,45
avoid,6,1,1,goal,26.0,15.0,28.5,9.0,0.8,1127.58,6.861,0.0,3.062,0.891,0.383,45
avoid,7,1,1,goal,26.0,15.0,28.5,9.0,0.8,1127.58,6.861,0.0,3.062,0.891,0.383,45
avoid,8,1,1,goal,26.0,15.0,28.5,9.0,0.8,1127.58,6.861,0.0,3.062,0.891,0.383,45
avoid,9,1,1,goal,26.0,15.0,28.5,9.0,0.8,1127.58,6.861,0.0,3.062,0.891,0.383,45
avoid,10,1,1,goal,26.0,15.0,28.5,9.0,0.8,1127.58,6.861,0.0,3.062,0.891,0.383,45
avoid,11,1,1,goal,26.0,15.0,28.5,9.0,0.8,1127.58,6.861,0.0,3.062,0.891,0.383,45
avoid,12,1,1,goal,26.0,15.0,28.5,9.0,0.8,1127.58,6.861,0.0,3.062,0.891,0.383,45
avoid,13,1,1,goal,26.0,15.0,28.5,9.0,0.8,1127.58,6.861,0.0,3.062,0.891,0.383,45
avoid,14,1,1,goal,26.0,15.0,28.5,9.0,0.8,1127.58,6.861,0.0,3.062,0.891,0.383,45
avoid,15,1,1,goal,26.0,15.0,28.5,9.0,0.8,1127.58,6.861,0.0,3.062,0.891,0.383,45
avoid,16,1,1,goal,26.0,15.0,28.5,9.0,0.8,1127.58,6.861,0.0,3.062,0.891,0.383,45
avoid,17,1,1,goal,26.0,15.0,28.5,9.0,0.8,1127.58,6.861,0.0,3.062,0.891,0.383,45
avoid,18,1,1,goal,26.0,15.0,28.5,9.0,0.8,1127.58,6.861,0.0,3.062,0.891,0.383,45
avoid,19,1,1,goal,26.0,15.0,28.5,9.0,0.8,1127.58,6.861,0.0,3.062,0.891,0.383,45
avoid,20,1,1,goal,26.0,15.0,28.5,9.0,0.8,1127.58,6.861,0.0,3.062,0.891,0.383,45
partial,1,1,1,goal,26.0,15.0,28.5,9.0,0.8,1172.08,6.649,1.061,2.878,0.0,0.49,46
partial,2,1,1,goal,26.0,15.0,28.5,9.0,0.8,1172.08,6.649,1.061,2.878,0.0,0.49,46
partial,3,1,1,goal,26.0,15.0,28.5,9.0,0.8,1163.53,6.632,1.09,2.878,0.0,0.496,46
partial,4,1,1,goal,26.0,15.0,28.5,9.0,0.8,1141.98,6.631,1.032,2.872,0.0,0.461,47
partial,5,1,1,goal,26.0,15.0,28.5,9.0,0.8,1141.99,6.631,1.032,2.872,0.0,0.461,47
partial,6,1,1,goal,26.0,15.0,28.5,9.0,0.8,1141.99,6.631,1.032,2.872,0.0,0.461,47
partial,7,1,1,goal,26.0,15.0,28.5,9.0,0.8,1145.59,6.624,1.038,2.872,0.0,0.471,47
partial,8,1,1,goal,26.0,15.0,28.5,9.0,0.8,1172.08,6.649,1.061,2.878,0.0,0.49,46
partial,9,1,1,goal,26.0,15.0,28.5,9.0,0.8,1145.59,6.624,1.038,2.872,0.0,0.471,47
partial,10,1,1,goal,26.0,15.0,28.5,9.0,0.8,1172.08,6.649,1.061,2.878,0.0,0.49,46
partial,11,1,1,goal,26.0,15.0,28.5,9.0,0.8,1145.59,6.624,1.038,2.872,0.0,0.471,47
partial,12,1,1,goal,26.0,15.0,28.5,9.0,0.8,1141.99,6.631,1.032,2.872,0.0,0.461,47
partial,13,1,1,goal,26.0,15.0,28.5,9.0,0.8,1141.99,6.631,1.032,2.872,0.0,0.461,47
partial,14,1,1,goal,26.0,15.0,28.5,9.0,0.8,1141.99,6.631,1.032,2.872,0.0,0.461,47
partial,15,1,1,goal,26.0,15.0,28.5,9.0,0.8,1141.99,6.631,1.032,2.872,0.0,0.461,47
partial,16,1,1,goal,26.0,15.0,28.5,9.0,0.8,1141.99,6.631,1.032,2.872,0.0,0.461,47
partial,17,1,1,goal,26.0,15.0,28.5,9.0,0.8,1141.99,6.631,1.032,2.872,0.0,0.461,47
partial,18,1,1,goal,26.0,15.0,28.5,9.0,0.8,1141.99,6.631,1.032,2.872,0.0,0.461,47
partial,19,1,1,goal,26.0,15.0,28.5,9.0,0.8,1145.59,6.624,1.038,2.872,0.0,0.471,47
partial,20,1,1,goal,26.0,15.0,28.5,9.0,0.8,1145.59,6.624,1.038,2.872,0.0,0.471,47
