route,episode,success,route_followed,reason,speed_cap_m_s,lookahead_m,planned_length_m,energy_j,path_length_m,final_distance_m,decisions,mean_cross_track_m,max_cross_track_m,fraction_within_1m,pink_seam_max_error_m,pink_obstacle_center_max_error_m,asphalt_entry,ice_entry,ramp_entry,gravel_entry,rocks_entry,obstacles_entry,stairs_entry
pink,1,1,1,goal,0.8,0.8,28.793,6117.53,32.155,0.525,206,0.116,1.191,0.971,0.064,0.111,1,0,1,0,1,1,1
pink,2,0,0,unsafe,0.8,0.8,28.793,5058.62,25.935,3.616,164,0.082,0.616,1.0,0.107,0.113,1,0,1,0,1,1,1
pink,3,0,0,unsafe,0.8,0.8,28.793,5058.62,25.935,3.616,164,0.082,0.616,1.0,0.107,0.113,1,0,1,0,1,1,1
pink,4,1,1,goal,0.8,0.8,28.793,5056.28,28.779,0.538,185,0.057,0.311,1.0,0.075,0.179,1,0,1,0,1,1,1
pink,5,0,0,unsafe,0.8,0.8,28.793,5058.62,25.935,3.616,164,0.082,0.616,1.0,0.107,0.113,1,0,1,0,1,1,1
pink,6,0,0,unsafe,0.8,0.8,28.793,5452.09,24.842,4.74,163,0.057,0.311,1.0,0.074,0.134,1,0,1,0,1,1,1
pink,7,0,0,unsafe,0.8,0.8,28.793,5058.03,25.937,3.617,164,0.082,0.616,1.0,0.107,0.113,1,0,1,0,1,1,1
pink,8,1,1,goal,0.8,0.8,28.793,5487.31,30.982,0.444,198,0.116,1.119,0.975,0.101,0.061,1,0,1,0,1,1,1
pink,9,0,0,unsafe,0.8,0.8,28.793,5058.03,25.937,3.617,164,0.082,0.616,1.0,0.107,0.113,1,0,1,0,1,1,1
pink,10,0,0,unsafe,0.8,0.8,28.793,5058.62,25.935,3.616,164,0.082,0.616,1.0,0.107,0.113,1,0,1,0,1,1,1
pink,11,1,1,goal,0.8,0.8,28.793,5487.31,30.982,0.444,198,0.116,1.119,0.975,0.101,0.061,1,0,1,0,1,1,1
pink,12,0,0,unsafe,0.8,0.8,28.793,5058.03,25.937,3.617,164,0.082,0.616,1.0,0.107,0.113,1,0,1,0,1,1,1
pink,13,0,0,unsafe,0.8,0.8,28.793,5058.62,25.935,3.616,164,0.082,0.616,1.0,0.107,0.113,1,0,1,0,1,1,1
pink,14,0,0,unsafe,0.8,0.8,28.793,5058.03,25.937,3.617,164,0.082,0.616,1.0,0.107,0.113,1,0,1,0,1,1,1
pink,15,0,0,unsafe,0.8,0.8,28.793,5058.03,25.937,3.617,164,0.082,0.616,1.0,0.107,0.113,1,0,1,0,1,1,1
pink,16,1,1,goal,0.8,0.8,28.793,5487.31,30.982,0.444,198,0.116,1.119,0.975,0.101,0.061,1,0,1,0,1,1,1
pink,17,0,0,unsafe,0.8,0.8,28.793,4940.14,24.376,5.582,157,0.075,0.471,1.0,0.075,0.171,1,0,1,0,1,1,1
pink,18,0,0,unsafe,0.8,0.8,28.793,5058.03,25.937,3.617,164,0.082,0.616,1.0,0.107,0.113,1,0,1,0,1,1,1
pink,19,0,0,unsafe,0.8,0.8,28.793,5058.03,25.937,3.617,164,0.082,0.616,1.0,0.107,0.113,1,0,1,0,1,1,1
pink,20,1,1,goal,0.8,0.8,28.793,5056.28,28.779,0.538,185,0.057,0.311,1.0,0.075,0.179,1,0,1,0,1,1,1
orange,1,1,1,goal,0.8,0.8,30.31,5161.86,30.178,0.481,192,0.054,0.281,1.0,,,1,0,1,1,1,0,0
orange,2,1,1,goal,0.8,0.8,30.31,5216.68,30.349,0.463,194,0.057,0.448,1.0,,,1,0,1,1,1,0,0
orange,3,1,1,goal,0.8,0.8,30.31,5161.86,30.178,0.481,192,0.054,0.281,1.0,,,1,0,1,1,1,0,0
orange,4,1,1,goal,0.8,0.8,30.31,5161.86,30.178,0.481,192,0.054,0.281,1.0,,,1,0,1,1,1,0,0
orange,5,1,1,goal,0.8,0.8,30.31,5215.64,30.323,0.482,194,0.057,0.448,1.0,,,1,0,1,1,1,0,0
orange,6,1,1,goal,0.8,0.8,30.31,5161.86,30.178,0.481,192,0.054,0.281,1.0,,,1,0,1,1,1,0,0
orange,7,1,1,goal,0.8,0.8,30.31,5216.68,30.349,0.463,194,0.057,0.448,1.0,,,1,0,1,1,1,0,0
orange,8,1,1,goal,0.8,0.8,30.31,5161.86,30.178,0.481,192,0.054,0.281,1.0,,,1,0,1,1,1,0,0
orange,9,1,1,goal,0.8,0.8,30.31,5161.86,30.178,0.481,192,0.054,0.281,1.0,,,1,0,1,1,1,0,0
orange,10,1,1,goal,0.8,0.8,30.31,5216.68,30.349,0.463,194,0.057,0.448,1.0,,,1,0,1,1,1,0,0
orange,11,1,1,goal,0.8,0.8,30.31,5161.86,30.178,0.481,192,0.054,0.281,1.0,,,1,0,1,1,1,0,0
orange,12,1,1,goal,0.8,0.8,30.31,5216.68,30.349,0.463,194,0.057,0.448,1.0,,,1,0,1,1,1,0,0
orange,13,1,1,goal,0.8,0.8,30.31,5161.86,30.178,0.481,192,0.054,0.281,1.0,,,1,0,1,1,1,0,0
orange,14,1,1,goal,0.8,0.8,30.31,5216.68,30.349,0.463,194,0.057,0.448,1.0,,,1,0,1,1,1,0,0
orange,15,1,1,goal,0.8,0.8,30.31,5161.86,30.178,0.481,192,0.054,0.281,1.0,,,1,0,1,1,1,0,0
orange,16,1,1,goal,0.8,0.8,30.31,5216.68,30.349,0.463,194,0.057,0.448,1.0,,,1,0,1,1,1,0,0
orange,17,1,1,goal,0.8,0.8,30.31,5161.86,30.178,0.481,192,0.054,0.281,1.0,,,1,0,1,1,1,0,0
orange,18,1,1,goal,0.8,0.8,30.31,5215.64,30.323,0.482,194,0.057,0.448,1.0,,,1,0,1,1,1,0,0
orange,19,1,1,goal,0.8,0.8,30.31,5161.86,30.178,0.481,192,0.054,0.281,1.0,,,1,0,1,1,1,0,0
orange,20,1,1,goal,0.8,0.8,30.31,5216.68,30.349,0.463,194,0.057,0.448,1.0,,,1,0,1,1,1,0,0
yellow,1,1,1,goal,0.8,0.8,31.85,5270.21,31.599,0.518,196,0.039,0.11,1.0,,,1,0,1,1,1,0,0
yellow,2,1,1,goal,0.8,0.8,31.85,5257.53,31.572,0.542,196,0.04,0.11,1.0,,,1,0,1,1,1,0,0
yellow,3,1,1,goal,0.8,0.8,31.85,5264.4,31.578,0.537,197,0.037,0.11,1.0,,,1,0,1,1,1,0,0
yellow,4,1,1,goal,0.8,0.8,31.85,5264.4,31.578,0.537,197,0.037,0.11,1.0,,,1,0,1,1,1,0,0
yellow,5,1,1,goal,0.8,0.8,31.85,5257.53,31.572,0.542,196,0.04,0.11,1.0,,,1,0,1,1,1,0,0
yellow,6,1,1,goal,0.8,0.8,31.85,5264.4,31.578,0.537,197,0.037,0.11,1.0,,,1,0,1,1,1,0,0
yellow,7,1,1,goal,0.8,0.8,31.85,5257.53,31.572,0.542,196,0.04,0.11,1.0,,,1,0,1,1,1,0,0
yellow,8,1,1,goal,0.8,0.8,31.85,5257.53,31.572,0.542,196,0.04,0.11,1.0,,,1,0,1,1,1,0,0
yellow,9,1,1,goal,0.8,0.8,31.85,5264.4,31.578,0.537,197,0.037,0.11,1.0,,,1,0,1,1,1,0,0
yellow,10,1,1,goal,0.8,0.8,31.85,5257.53,31.572,0.542,196,0.04,0.11,1.0,,,1,0,1,1,1,0,0
yellow,11,1,1,goal,0.8,0.8,31.85,5264.4,31.578,0.537,197,0.037,0.11,1.0,,,1,0,1,1,1,0,0
yellow,12,1,1,goal,0.8,0.8,31.85,5257.53,31.572,0.542,196,0.04,0.11,1.0,,,1,0,1,1,1,0,0
yellow,13,1,1,goal,0.8,0.8,31.85,5257.53,31.572,0.542,196,0.04,0.11,1.0,,,1,0,1,1,1,0,0
yellow,14,1,1,goal,0.8,0.8,31.85,5264.4,31.578,0.537,197,0.037,0.11,1.0,,,1,0,1,1,1,0,0
yellow,15,1,1,goal,0.8,0.8,31.85,5257.53,31.572,0.542,196,0.04,0.11,1.0,,,1,0,1,1,1,0,0
yellow,16,1,1,goal,0.8,0.8,31.85,5257.53,31.572,0.542,196,0.04,0.11,1.0,,,1,0,1,1,1,0,0
yellow,17,1,1,goal,0.8,0.8,31.85,5257.53,31.572,0.542,196,0.04,0.11,1.0,,,1,0,1,1,1,0,0
yellow,18,1,1,goal,0.8,0.8,31.85,5264.4,31.578,0.537,197,0.037,0.11,1.0,,,1,0,1,1,1,0,0
yellow,19,1,1,goal,0.8,0.8,31.85,5264.4,31.578,0.537,197,0.037,0.11,1.0,,,1,0,1,1,1,0,0
yellow,20,1,1,goal,0.8,0.8,31.85,5270.21,31.599,0.518,196,0.039,0.11,1.0,,,1,0,1,1,1,0,0
