route,episode,success,route_followed,reason,command_speed_cap_m_s,energy_j,path_length_m,middle_asphalt_body_m,middle_rocks_body_m,asphalt_entry,rocks_entry,obstacle_entry,final_distance_m,actions
direct,1,1,1,goal,0.8,661.57,4.018,0.0,3.05,0,1,1,0.478,26
direct,2,1,1,goal,0.8,663.44,4.004,0.0,2.914,0,1,1,0.433,27
direct,3,1,1,goal,0.8,650.33,3.988,0.0,3.011,0,1,1,0.464,26
direct,4,1,1,goal,0.8,691.38,4.034,0.0,3.047,0,1,1,0.447,26
direct,5,1,1,goal,0.8,705.41,4.084,0.0,2.995,0,1,1,0.411,27
direct,6,1,1,goal,0.8,688.72,4.006,0.0,3.024,0,1,1,0.428,26
direct,7,1,1,goal,0.8,667.94,3.94,0.0,2.979,0,1,1,0.472,26
direct,8,1,1,goal,0.8,676.35,4.009,0.0,3.19,0,1,1,0.478,26
direct,9,1,1,goal,0.8,697.98,3.884,0.0,3.081,0,1,1,0.522,26
direct,10,1,1,goal,0.8,678.63,4.068,0.0,3.084,0,1,1,0.404,26
direct,11,1,1,goal,0.8,683.53,4.009,0.0,3.039,0,1,1,0.44,26
direct,12,1,1,goal,0.8,662.44,4.015,0.0,3.03,0,1,1,0.446,26
direct,13,1,1,goal,0.8,675.36,3.991,0.0,3.192,0,1,1,0.48,26
direct,14,1,1,goal,0.8,690.6,4.029,0.0,2.904,0,1,1,0.462,26
direct,15,1,1,goal,0.8,692.24,4.084,0.0,3.104,0,1,1,0.386,26
direct,16,1,1,goal,0.8,672.13,4.008,0.0,3.015,0,1,1,0.496,26
direct,17,1,1,goal,0.8,701.72,4.034,0.0,2.906,0,1,1,0.467,26
direct,18,1,1,goal,0.8,657.36,3.939,0.0,2.985,0,1,1,0.527,26
direct,19,1,1,goal,0.8,692.47,4.045,0.0,3.079,0,1,1,0.397,26
direct,20,1,1,goal,0.8,683.14,4.072,0.0,3.104,0,1,1,0.389,26
asphalt,1,1,1,goal,0.8,1148.72,5.886,3.746,0.0,1,1,1,0.441,44
asphalt,2,1,1,goal,0.8,1146.52,5.863,3.586,0.0,1,1,1,0.458,44
asphalt,3,1,1,goal,0.8,1052.21,5.795,3.591,0.0,1,1,1,0.443,42
asphalt,4,1,1,goal,0.8,1140.17,5.896,3.734,0.0,1,1,1,0.432,44
asphalt,5,1,1,goal,0.8,1131.06,5.863,3.569,0.0,1,1,1,0.46,44
asphalt,6,1,1,goal,0.8,1116.02,5.852,3.711,0.0,1,1,1,0.433,44
asphalt,7,1,1,goal,0.8,1152.44,5.837,3.74,0.0,1,1,1,0.506,44
asphalt,8,1,1,goal,0.8,1122.32,5.855,3.567,0.0,1,1,1,0.458,44
asphalt,9,1,1,goal,0.8,1140.71,5.817,3.714,0.0,1,1,1,0.481,44
asphalt,10,1,1,goal,0.8,1112.62,5.835,3.712,0.0,1,1,1,0.445,44
asphalt,11,1,1,goal,0.8,1133.5,5.896,3.593,0.0,1,1,1,0.447,44
asphalt,12,1,1,goal,0.8,1145.56,5.854,3.716,0.0,1,1,1,0.408,44
asphalt,13,1,1,goal,0.8,1144.27,5.843,3.695,0.0,1,1,1,0.46,44
asphalt,14,1,1,goal,0.8,1102.89,5.791,3.633,0.0,1,1,1,0.494,43
asphalt,15,1,1,goal,0.8,1138.13,5.794,3.647,0.0,1,1,1,0.532,43
asphalt,16,1,1,goal,0.8,1157.35,5.907,3.605,0.0,1,1,1,0.413,44
asphalt,17,1,1,goal,0.8,1135.36,5.874,3.697,0.0,1,1,1,0.414,44
asphalt,18,1,1,goal,0.8,1110.02,5.746,3.476,0.0,1,1,1,0.535,43
asphalt,19,1,1,goal,0.8,1161.42,5.932,3.734,0.0,1,1,1,0.416,44
asphalt,20,1,1,goal,0.8,1078.65,5.7,3.697,0.0,1,1,1,0.528,43
