scenario,start_x_m,start_y_m,goal_x_m,goal_y_m,route,episode,success,route_followed,reason,command_speed_cap_m_s,energy_j,path_length_m,middle_asphalt_body_m,middle_rocks_body_m,middle_center_body_m,middle_total_body_m,middle_max_abs_x_error_m,middle_mixed_foot_steps,middle_steps,asphalt_entry,rocks_entry,obstacle_entry,final_distance_m,actions
border,3.0,6.0,3.0,10.5,center,1,1,1,goal,0.8,661.86,4.113,0.293,2.114,2.407,2.407,0.088,15,15,1,1,0,0.423,27
border,3.0,6.0,3.0,10.5,center,2,1,1,goal,0.8,655.85,4.083,0.0,2.398,2.398,2.398,0.105,15,15,1,1,0,0.453,27
border,3.0,6.0,3.0,10.5,center,3,1,1,goal,0.8,655.85,4.083,0.0,2.398,2.398,2.398,0.105,15,15,1,1,0,0.453,27
border,3.0,6.0,3.0,10.5,center,4,1,1,goal,0.8,655.85,4.083,0.0,2.398,2.398,2.398,0.105,15,15,1,1,0,0.453,27
border,3.0,6.0,3.0,10.5,center,5,1,1,goal,0.8,655.85,4.083,0.0,2.398,2.398,2.398,0.105,15,15,1,1,0,0.453,27
border,3.0,6.0,3.0,10.5,center,6,1,1,goal,0.8,655.85,4.083,0.0,2.398,2.398,2.398,0.105,15,15,1,1,0,0.453,27
border,3.0,6.0,3.0,10.5,center,7,1,1,goal,0.8,655.85,4.083,0.0,2.398,2.398,2.398,0.105,15,15,1,1,0,0.453,27
border,3.0,6.0,3.0,10.5,center,8,1,1,goal,0.8,655.85,4.083,0.0,2.398,2.398,2.398,0.105,15,15,1,1,0,0.453,27
border,3.0,6.0,3.0,10.5,center,9,1,1,goal,0.8,655.85,4.083,0.0,2.398,2.398,2.398,0.105,15,15,1,1,0,0.453,27
border,3.0,6.0,3.0,10.5,center,10,1,1,goal,0.8,655.85,4.083,0.0,2.398,2.398,2.398,0.105,15,15,1,1,0,0.453,27
border,3.0,6.0,3.0,10.5,center,11,1,1,goal,0.8,655.85,4.083,0.0,2.398,2.398,2.398,0.105,15,15,1,1,0,0.453,27
border,3.0,6.0,3.0,10.5,center,12,1,1,goal,0.8,655.85,4.083,0.0,2.398,2.398,2.398,0.105,15,15,1,1,0,0.453,27
border,3.0,6.0,3.0,10.5,center,13,1,1,goal,0.8,655.85,4.083,0.0,2.398,2.398,2.398,0.105,15,15,1,1,0,0.453,27
border,3.0,6.0,3.0,10.5,center,14,1,1,goal,0.8,655.85,4.083,0.0,2.398,2.398,2.398,0.105,15,15,1,1,0,0.453,27
border,3.0,6.0,3.0,10.5,center,15,1,1,goal,0.8,655.85,4.083,0.0,2.398,2.398,2.398,0.105,15,15,1,1,0,0.453,27
border,3.0,6.0,3.0,10.5,center,16,1,1,goal,0.8,655.85,4.083,0.0,2.398,2.398,2.398,0.105,15,15,1,1,0,0.453,27
border,3.0,6.0,3.0,10.5,center,17,1,1,goal,0.8,655.85,4.083,0.0,2.398,2.398,2.398,0.105,15,15,1,1,0,0.453,27
border,3.0,6.0,3.0,10.5,center,18,1,1,goal,0.8,655.85,4.083,0.0,2.398,2.398,2.398,0.105,15,15,1,1,0,0.453,27
border,3.0,6.0,3.0,10.5,center,19,1,1,goal,0.8,655.85,4.083,0.0,2.398,2.398,2.398,0.105,15,15,1,1,0,0.453,27
border,3.0,6.0,3.0,10.5,center,20,1,1,goal,0.8,655.85,4.083,0.0,2.398,2.398,2.398,0.105,15,15,1,1,0,0.453,27
