terrain,cell_prim,trial,status,command_vx_m_s,settle_s,walk_s,target_distance_m,lateral_offset_m,settle_speed_m_s,distance_m,displacement_m,estimated_energy_j,estimated_energy_j_per_m,measured_energy_j,measured_energy_j_per_m,mean_speed_m_s,estimated_mean_power_w,measured_mean_power_w,estimated_mean_abs_torque_nm,measured_mean_abs_torque_nm,start_x_m,start_y_m,end_x_m,end_y_m,end_z_m
t1_asphalt,/World/Warehouse/Grid/Cell_0_2_t1_asphalt,1,ok,1.1,2.0,1.965,2.0,-0.15,0.0133,2.0038,1.954,371.8301,185.5606,318.9635,159.1777,1.0198,189.2265,162.3224,10.9465,9.8326,10.7695,-0.0231,12.6935,-0.3645,0.5066
t1_asphalt,/World/Warehouse/Grid/Cell_0_2_t1_asphalt,1,ok,1.3,2.0,1.76,2.0,-0.15,0.0133,2.0025,1.9643,373.6835,186.6074,322.8128,161.204,1.1378,212.3202,183.4164,11.6609,10.4961,10.7695,-0.0231,12.7006,-0.3825,0.4997
t1_asphalt,/World/Warehouse/Grid/Cell_0_2_t1_asphalt,1,ok,1.6,2.0,1.525,2.0,-0.15,0.0133,2.0039,1.9718,428.9323,214.0514,365.1254,182.2097,1.314,281.2671,239.4265,12.3611,11.0982,10.7695,-0.0231,12.6942,-0.4515,0.48
t2_slippery,/World/Warehouse/Grid/Cell_0_0_t2_slippery,1,fall,1.1,2.0,0.005,2.0,-0.15,0.0018,0.0,0.0,0.0965,2706.457,0.0681,1909.5507,0.0071,19.3096,13.6239,3.395,2.6722,-1.3314,0.0062,-1.3314,0.0063,0.07
t2_slippery,/World/Warehouse/Grid/Cell_0_0_t2_slippery,1,fall,1.3,2.0,0.005,2.0,-0.15,0.0018,0.0,0.0,0.1334,3158.4869,0.0928,2198.765,0.0084,26.6753,18.5699,4.08,3.1722,-1.3314,0.0062,-1.3314,0.0063,0.07
t2_slippery,/World/Warehouse/Grid/Cell_0_0_t2_slippery,1,fall,1.6,2.0,0.005,2.0,-0.15,0.0018,0.0001,0.0001,0.1954,3890.0289,0.1351,2689.6566,0.01,39.078,27.0194,4.9637,3.8758,-1.3314,0.0062,-1.3313,0.0063,0.07
t3_ramp,/World/Warehouse/Grid/Cell_1_0_t3_ramp,1,ok,1.1,2.0,2.025,2.0,-0.15,0.018,2.0004,1.9796,359.0897,179.5119,309.2744,154.6088,0.9878,177.3282,152.7281,10.9579,9.8516,-1.3301,2.8772,0.5894,2.3931,0.65
t3_ramp,/World/Warehouse/Grid/Cell_1_0_t3_ramp,1,ok,1.3,2.0,1.805,2.0,-0.15,0.018,2.0046,1.9882,373.2216,186.1816,322.5312,160.8947,1.1106,206.771,178.6876,11.4347,10.2626,-1.3301,2.8772,0.5903,2.3625,0.6342
t3_ramp,/World/Warehouse/Grid/Cell_1_0_t3_ramp,1,ok,1.6,2.0,1.565,2.0,-0.15,0.018,2.007,1.994,423.8867,211.2009,359.6362,179.1882,1.2824,270.8541,229.7995,11.9257,10.6735,-1.3301,2.8772,0.587,2.3286,0.6303
t4_fine_gravel,/World/Warehouse/Grid/Cell_0_3_t4_fine_gravel,1,ok,1.1,2.0,2.06,2.0,-0.15,0.0127,2.0027,1.9841,370.543,185.0225,319.0274,159.2993,0.9722,179.8752,154.8677,10.8223,9.7134,16.767,0.0072,18.7295,-0.2846,0.5223
t4_fine_gravel,/World/Warehouse/Grid/Cell_0_3_t4_fine_gravel,1,ok,1.3,2.0,1.795,2.0,-0.15,0.0127,2.0054,1.9898,381.8188,190.3989,329.3064,164.2129,1.1172,212.7124,183.4576,11.5854,10.4125,16.767,0.0072,18.7164,-0.3915,0.496
t4_fine_gravel,/World/Warehouse/Grid/Cell_0_3_t4_fine_gravel,1,ok,1.6,2.0,1.595,2.0,-0.15,0.0127,2.0062,1.9915,453.2931,225.9421,390.6724,194.7291,1.2578,284.1963,244.9357,12.3796,11.1316,16.767,0.0072,18.6993,-0.4746,0.485
t5_large_rocks,/World/Warehouse/Grid/Cell_0_1_t5_large_rocks,1,ok,1.1,2.0,2.07,2.0,-0.15,0.0141,2.001,1.973,375.7137,187.7632,325.2285,162.5332,0.9667,181.5042,157.1152,11.2133,10.0816,4.7225,0.0186,6.6835,-0.1991,0.5424
t5_large_rocks,/World/Warehouse/Grid/Cell_0_1_t5_large_rocks,1,ok,1.3,2.0,1.8,2.0,-0.15,0.0141,2.0015,1.9831,421.6211,210.6568,362.5287,181.1321,1.1119,234.234,201.4048,11.9396,10.7319,4.7225,0.0186,6.6493,-0.4505,0.5263
t5_large_rocks,/World/Warehouse/Grid/Cell_0_1_t5_large_rocks,1,ok,1.6,2.0,1.535,2.0,-0.15,0.0141,2.0021,1.9807,504.9235,252.1995,430.8015,215.177,1.3043,328.9404,280.6524,13.1412,11.8245,4.7225,0.0186,6.6476,-0.4477,0.516
t6_obstacles,/World/Warehouse/Grid/Cell_3_3_t6_obstacles,1,ok,1.1,2.0,2.075,2.0,-0.15,0.003,2.0022,1.9933,413.7535,206.6532,355.6017,177.6087,0.9649,199.3993,171.3743,11.1891,10.0808,16.7372,8.9918,18.7278,8.8872,0.5148
t6_obstacles,/World/Warehouse/Grid/Cell_3_3_t6_obstacles,1,ok,1.3,2.0,1.83,2.0,-0.15,0.003,2.0005,1.9941,360.0427,179.9793,308.5402,154.234,1.0932,196.7446,168.6012,11.2151,10.0796,16.7372,8.9918,18.729,8.895,0.5035
t6_obstacles,/World/Warehouse/Grid/Cell_3_3_t6_obstacles,1,ok,1.6,2.0,1.58,2.0,-0.15,0.003,2.0067,1.9952,535.096,266.6581,456.8717,227.676,1.27,338.6684,289.1593,13.7651,12.3911,16.7372,8.9918,18.7217,8.7851,0.4876
t7_stairs,/World/Warehouse/Grid/Cell_0_5_t7_stairs,1,ok,1.1,2.0,1.99,2.0,-0.15,0.0287,2.0014,1.97,376.2966,188.0205,322.8165,161.2986,1.0057,189.0938,162.2193,11.1676,10.0507,28.7594,0.0011,30.6767,-0.4515,0.7522
t7_stairs,/World/Warehouse/Grid/Cell_0_5_t7_stairs,1,ok,1.3,2.0,1.73,2.0,-0.15,0.0287,2.0065,1.9804,379.954,189.3588,328.825,163.8775,1.1598,219.6266,190.0722,11.7146,10.5565,28.7594,0.0011,30.6628,-0.5456,0.717
t7_stairs,/World/Warehouse/Grid/Cell_0_5_t7_stairs,1,ok,1.6,2.0,1.525,2.0,-0.15,0.0287,2.0052,1.9836,424.4677,211.6803,362.4323,180.7435,1.3149,278.3395,237.6605,12.2857,11.0357,28.7594,0.0011,30.6659,-0.5462,0.7242
t1_asphalt,/World/Warehouse/Grid/Cell_0_2_t1_asphalt,2,ok,1.1,2.0,1.965,2.0,0.0,0.0134,2.0048,1.9548,372.1423,185.63,319.3106,159.2767,1.0202,189.3854,162.499,10.9465,9.8328,10.7693,0.1271,12.6943,-0.2131,0.5058
t1_asphalt,/World/Warehouse/Grid/Cell_0_2_t1_asphalt,2,ok,1.3,2.0,1.76,2.0,0.0,0.0134,2.0006,1.9617,385.0934,192.4885,331.4785,165.6892,1.1367,218.8031,188.3401,11.7188,10.5534,10.7693,0.1271,12.6958,-0.243,0.5019
t1_asphalt,/World/Warehouse/Grid/Cell_0_2_t1_asphalt,2,ok,1.6,2.0,1.525,2.0,0.0,0.0134,2.0029,1.971,428.0191,213.6951,364.24,181.8524,1.3134,280.6682,238.8459,12.3467,11.0827,10.7693,0.1271,12.6944,-0.2958,0.4803
t2_slippery,/World/Warehouse/Grid/Cell_0_0_t2_slippery,2,fall,1.1,2.0,0.005,2.0,0.0,0.0019,0.0,0.0,0.1114,3057.4106,0.0788,2162.9716,0.0073,22.2828,15.764,3.6716,2.8901,-1.3276,0.1512,-1.3276,0.1512,0.07
t2_slippery,/World/Warehouse/Grid/Cell_0_0_t2_slippery,2,fall,1.3,2.0,0.005,2.0,0.0,0.0019,0.0,0.0,0.1511,3556.7952,0.1058,2490.7718,0.0085,30.214,21.1584,4.3696,3.4383,-1.3276,0.1512,-1.3276,0.1512,0.07
t2_slippery,/World/Warehouse/Grid/Cell_0_0_t2_slippery,2,fall,1.6,2.0,0.005,2.0,0.0,0.0019,0.0001,0.0001,0.2172,4290.5081,0.1505,2972.8775,0.0101,43.443,30.1015,5.245,4.1238,-1.3276,0.1512,-1.3276,0.1512,0.07
t3_ramp,/World/Warehouse/Grid/Cell_1_0_t3_ramp,2,ok,1.1,2.0,2.11,2.0,0.0,0.1061,2.0052,1.9918,359.1944,179.134,308.0593,153.6324,0.9503,170.2343,145.9996,11.166,10.0345,-1.3609,3.3648,0.6308,3.3811,0.6717
t3_ramp,/World/Warehouse/Grid/Cell_1_0_t3_ramp,2,ok,1.3,2.0,1.875,2.0,0.0,0.1061,2.0006,1.991,398.9708,199.425,339.7259,169.8115,1.067,212.7844,181.1871,11.9078,10.7178,-1.3609,3.3648,0.6279,3.2719,0.6562
t3_ramp,/World/Warehouse/Grid/Cell_1_0_t3_ramp,2,ok,1.6,2.0,1.62,2.0,0.0,0.1061,2.0056,1.9977,419.5641,209.1929,353.0468,176.0277,1.238,258.9902,217.9301,12.3943,11.102,-1.3609,3.3648,0.6333,3.2468,0.6502
t4_fine_gravel,/World/Warehouse/Grid/Cell_0_3_t4_fine_gravel,2,ok,1.1,2.0,2.2,2.0,0.0,0.0083,2.0044,1.9551,429.2689,214.1654,371.9469,185.5671,0.9111,195.1222,169.0668,11.2827,10.1551,16.7833,0.1188,18.7251,0.3465,0.5094
t4_fine_gravel,/World/Warehouse/Grid/Cell_0_3_t4_fine_gravel,2,ok,1.3,2.0,1.805,2.0,0.0,0.0083,2.0009,1.9928,424.1179,211.9648,360.7824,180.3111,1.1085,234.9684,199.8795,11.3976,10.24,16.7833,0.1188,18.7757,0.1592,0.5105
t4_fine_gravel,/World/Warehouse/Grid/Cell_0_3_t4_fine_gravel,2,ok,1.6,2.0,1.55,2.0,0.0,0.0083,2.0033,1.997,469.3103,234.264,399.3021,199.3182,1.2925,302.7809,257.6142,12.2441,10.9624,16.7833,0.1188,18.7755,-0.0199,0.4877
t5_large_rocks,/World/Warehouse/Grid/Cell_0_1_t5_large_rocks,2,ok,1.1,2.0,2.095,2.0,0.0,0.007,2.0019,1.9831,402.1811,200.9039,347.3717,173.5246,0.9555,191.9719,165.8099,11.0839,9.9694,4.7717,0.0866,6.7424,-0.1349,0.5539
t5_large_rocks,/World/Warehouse/Grid/Cell_0_1_t5_large_rocks,2,ok,1.3,2.0,1.83,2.0,0.0,0.007,2.0007,1.992,443.1056,221.479,380.024,189.9487,1.0933,242.1342,207.6634,11.8528,10.6638,4.7717,0.0866,6.7165,-0.3441,0.5288
t5_large_rocks,/World/Warehouse/Grid/Cell_0_1_t5_large_rocks,2,ok,1.6,2.0,1.53,2.0,0.0,0.007,2.0003,1.9876,474.2243,237.0725,403.9227,201.9276,1.3074,309.9505,264.0018,12.5141,11.2256,4.7717,0.0866,6.7163,-0.3251,0.5183
t6_obstacles,/World/Warehouse/Grid/Cell_3_3_t6_obstacles,2,ok,1.1,2.0,2.04,2.0,0.0,0.0111,2.0044,1.9847,385.5413,192.3467,337.3975,168.3277,0.9826,188.9908,165.3909,11.1801,10.0947,16.7228,9.1246,18.6952,8.9034,0.5172
t6_obstacles,/World/Warehouse/Grid/Cell_3_3_t6_obstacles,2,ok,1.3,2.0,1.79,2.0,0.0,0.0111,2.0027,1.9893,366.4458,182.9764,314.5529,157.0648,1.1188,204.7184,175.7279,11.4332,10.2775,16.7228,9.1246,18.6923,8.8441,0.5147
t6_obstacles,/World/Warehouse/Grid/Cell_3_3_t6_obstacles,2,ok,1.6,2.0,1.55,2.0,0.0,0.0111,2.0014,1.9956,447.3582,223.5248,384.3628,192.0488,1.2912,288.6182,247.976,12.6707,11.3731,16.7228,9.1246,18.6818,8.7439,0.4887
t7_stairs,/World/Warehouse/Grid/Cell_0_5_t7_stairs,2,ok,1.1,2.0,2.1,2.0,0.0,0.0193,2.0014,1.9982,357.9129,178.831,307.9925,153.8882,0.953,170.4347,146.6631,10.9749,9.8664,28.7345,0.2155,30.7326,0.1986,0.7998
t7_stairs,/World/Warehouse/Grid/Cell_0_5_t7_stairs,2,ok,1.3,2.0,1.87,2.0,0.0,0.0193,2.0004,1.9977,407.913,203.9151,345.5825,172.7562,1.0697,218.1353,184.8035,11.7076,10.5189,28.7345,0.2155,30.7319,0.1857,0.7753
t7_stairs,/World/Warehouse/Grid/Cell_0_5_t7_stairs,2,ok,1.6,2.0,1.605,2.0,0.0,0.0193,2.005,2.0011,435.3522,217.1295,367.0765,183.0774,1.2492,271.2475,228.7081,12.3955,11.1188,28.7345,0.2155,30.7353,0.1811,0.7484
t1_asphalt,/World/Warehouse/Grid/Cell_0_2_t1_asphalt,3,ok,1.1,2.0,1.965,2.0,0.15,0.0133,2.0038,1.954,371.834,185.5642,318.9651,159.1799,1.0197,189.2285,162.3232,10.9465,9.8325,10.7695,0.2769,12.6934,-0.0646,0.5066
t1_asphalt,/World/Warehouse/Grid/Cell_0_2_t1_asphalt,3,ok,1.3,2.0,1.765,2.0,0.15,0.0133,2.0065,1.9689,374.8686,186.8226,324.0035,161.473,1.1369,212.3902,183.5714,11.6189,10.4603,10.7695,0.2769,12.7053,-0.0821,0.5017
t1_asphalt,/World/Warehouse/Grid/Cell_0_2_t1_asphalt,3,ok,1.6,2.0,1.525,2.0,0.15,0.0133,2.0038,1.9718,428.8888,214.0346,365.0884,182.1953,1.314,281.2386,239.4022,12.3595,11.0965,10.7695,0.2769,12.6942,-0.1513,0.48
t2_slippery,/World/Warehouse/Grid/Cell_0_0_t2_slippery,3,fall,1.1,2.0,0.005,2.0,0.15,0.0019,0.0,0.0,0.0952,2684.9452,0.0671,1890.8008,0.0071,19.0479,13.414,3.3986,2.6658,-1.3311,0.3061,-1.3311,0.3061,0.07
t2_slippery,/World/Warehouse/Grid/Cell_0_0_t2_slippery,3,fall,1.3,2.0,0.005,2.0,0.15,0.0019,0.0,0.0,0.1313,3110.7445,0.0913,2162.7073,0.0084,26.2637,18.2595,4.0756,3.1651,-1.3311,0.3061,-1.3311,0.3061,0.07
t2_slippery,/World/Warehouse/Grid/Cell_0_0_t2_slippery,3,fall,1.6,2.0,0.005,2.0,0.15,0.0019,0.0001,0.0001,0.1916,3798.5963,0.1322,2621.8539,0.0101,38.3212,26.4499,4.9579,3.8704,-1.3311,0.3061,-1.3311,0.3061,0.07
t3_ramp,/World/Warehouse/Grid/Cell_1_0_t3_ramp,3,ok,1.1,2.0,2.15,2.0,0.15,0.0519,2.0055,1.9863,378.0125,188.4843,323.202,161.1548,0.9328,175.8198,150.3265,11.3121,10.1783,-1.3248,3.6839,0.6615,3.6905,0.6413
t3_ramp,/World/Warehouse/Grid/Cell_1_0_t3_ramp,3,ok,1.3,2.0,1.915,2.0,0.15,0.0519,2.005,1.9921,370.0653,184.5717,320.0754,159.639,1.047,193.2456,167.1412,11.8699,10.6833,-1.3248,3.6839,0.6631,3.5539,0.6488
t3_ramp,/World/Warehouse/Grid/Cell_1_0_t3_ramp,3,ok,1.6,2.0,1.655,2.0,0.15,0.0519,2.0071,1.997,444.354,221.3879,376.1685,187.4162,1.2128,268.4919,227.2922,12.4971,11.2299,-1.3248,3.6839,0.6662,3.5279,0.6271
t4_fine_gravel,/World/Warehouse/Grid/Cell_0_3_t4_fine_gravel,3,ok,1.1,2.0,2.07,2.0,0.15,0.0075,2.0018,1.9871,378.8893,189.2716,324.543,162.1233,0.9671,183.0383,156.7841,10.9898,9.8647,16.7759,0.3096,18.7312,-0.0444,0.5231
t4_fine_gravel,/World/Warehouse/Grid/Cell_0_3_t4_fine_gravel,3,ok,1.3,2.0,1.81,2.0,0.15,0.0075,2.0043,1.9878,366.7459,182.9762,317.7379,158.5252,1.1074,202.622,175.5458,11.5556,10.3872,16.7759,0.3096,18.729,-0.06,0.5009
t4_fine_gravel,/World/Warehouse/Grid/Cell_0_3_t4_fine_gravel,3,ok,1.6,2.0,1.535,2.0,0.15,0.0075,2.0048,1.9912,453.4936,226.1998,387.828,193.4462,1.3061,295.4356,252.6567,12.5174,11.2386,16.7759,0.3096,18.7193,-0.1241,0.4879
t5_large_rocks,/World/Warehouse/Grid/Cell_0_1_t5_large_rocks,3,ok,1.1,2.0,2.08,2.0,0.15,0.0085,2.0016,1.975,376.1625,187.9308,327.0893,163.4139,0.9623,180.8474,157.2545,11.0227,9.9027,4.7351,0.3346,6.7019,0.1548,0.539
t5_large_rocks,/World/Warehouse/Grid/Cell_0_1_t5_large_rocks,3,ok,1.3,2.0,1.825,2.0,0.15,0.0085,2.0059,1.9861,428.2351,213.488,370.2116,184.5615,1.0991,234.6494,202.8556,12.1381,10.9177,4.7351,0.3346,6.6792,-0.0718,0.5266
t5_large_rocks,/World/Warehouse/Grid/Cell_0_1_t5_large_rocks,3,ok,1.6,2.0,1.555,2.0,0.15,0.0085,2.001,1.9806,475.8692,237.8164,407.1372,203.4674,1.2868,306.0252,261.8246,12.7675,11.4516,4.7351,0.3346,6.6843,-0.0166,0.5065
t6_obstacles,/World/Warehouse/Grid/Cell_3_3_t6_obstacles,3,ok,1.1,2.0,1.99,2.0,0.15,0.0025,2.0065,1.9973,353.8945,176.3716,303.2343,151.1239,1.0083,177.8364,152.379,10.6335,9.5245,16.7509,9.2042,18.7478,9.1634,0.5149
t6_obstacles,/World/Warehouse/Grid/Cell_3_3_t6_obstacles,3,ok,1.3,2.0,1.75,2.0,0.15,0.0025,2.0039,1.9987,418.502,208.844,362.2278,180.7616,1.1451,239.144,206.9873,11.7478,10.5846,16.7509,9.2042,18.7484,9.134,0.4943
t6_obstacles,/World/Warehouse/Grid/Cell_3_3_t6_obstacles,3,ok,1.6,2.0,1.52,2.0,0.15,0.0025,2.0066,2.0032,485.9068,242.1517,412.8843,205.7609,1.3201,319.6755,271.6344,12.5826,11.2514,16.7509,9.2042,18.7468,9.0334,0.4882
t7_stairs,/World/Warehouse/Grid/Cell_0_5_t7_stairs,3,ok,1.1,2.0,2.09,2.0,0.15,0.0166,2.0035,1.9913,359.6799,179.5283,308.6809,154.073,0.9586,172.0956,147.6942,10.9783,9.8705,28.8199,0.296,30.8082,0.186,0.7967
t7_stairs,/World/Warehouse/Grid/Cell_0_5_t7_stairs,3,ok,1.3,2.0,1.83,2.0,0.15,0.0166,2.0018,1.9919,367.2665,183.4692,312.9206,156.3205,1.0939,200.6921,170.9949,11.3014,10.136,28.8199,0.296,30.7945,0.0342,0.7692
t7_stairs,/World/Warehouse/Grid/Cell_0_5_t7_stairs,3,ok,1.6,2.0,1.6,2.0,0.15,0.0166,2.0002,1.9917,350.5758,175.271,300.121,150.046,1.2501,219.1099,187.5756,11.6403,10.4379,28.8199,0.296,30.7969,0.0551,0.768
