terrain,cell_prim,command_vx_m_s,completed,attempted,measured_j_per_m_mean,measured_j_per_m_std,estimated_j_per_m_mean,actual_speed_m_s_mean,walk_s_mean,rankable
t1_asphalt,/World/Warehouse/Grid/Cell_0_2_t1_asphalt,1.1,3,3,159.2114,0.0462,185.5849,1.0199,1.965,1
t1_asphalt,/World/Warehouse/Grid/Cell_0_2_t1_asphalt,1.3,3,3,162.7887,2.0539,188.6395,1.1371,1.7617,1
t1_asphalt,/World/Warehouse/Grid/Cell_0_2_t1_asphalt,1.6,3,3,182.0858,0.1651,213.927,1.3138,1.525,1
t2_slippery,/World/Warehouse/Grid/Cell_0_0_t2_slippery,1.1,0,3,,,,,,0
t2_slippery,/World/Warehouse/Grid/Cell_0_0_t2_slippery,1.3,0,3,,,,,,0
t2_slippery,/World/Warehouse/Grid/Cell_0_0_t2_slippery,1.6,0,3,,,,,,0
t3_ramp,/World/Warehouse/Grid/Cell_1_0_t3_ramp,1.1,3,3,156.4653,3.3398,182.3767,0.957,2.095,1
t3_ramp,/World/Warehouse/Grid/Cell_1_0_t3_ramp,1.3,3,3,163.4484,4.5285,190.0594,1.0749,1.865,1
t3_ramp,/World/Warehouse/Grid/Cell_1_0_t3_ramp,1.6,3,3,180.8774,4.8003,213.9272,1.2444,1.6133,1
t4_fine_gravel,/World/Warehouse/Grid/Cell_0_3_t4_fine_gravel,1.1,3,3,168.9966,11.7737,196.1532,0.9501,2.11,1
t4_fine_gravel,/World/Warehouse/Grid/Cell_0_3_t4_fine_gravel,1.3,3,3,167.6831,9.2263,195.1133,1.111,1.8033,1
t4_fine_gravel,/World/Warehouse/Grid/Cell_0_3_t4_fine_gravel,1.6,3,3,195.8312,2.5207,228.802,1.2855,1.56,1
t5_large_rocks,/World/Warehouse/Grid/Cell_0_1_t5_large_rocks,1.1,3,3,166.4906,4.9868,192.1993,0.9615,2.0817,1
t5_large_rocks,/World/Warehouse/Grid/Cell_0_1_t5_large_rocks,1.3,3,3,185.2141,3.6288,215.2079,1.1014,1.8183,1
t5_large_rocks,/World/Warehouse/Grid/Cell_0_1_t5_large_rocks,1.6,3,3,206.8573,5.9164,242.3628,1.2995,1.54,1
t6_obstacles,/World/Warehouse/Grid/Cell_3_3_t6_obstacles,1.1,3,3,165.6868,10.9725,191.7905,0.9853,2.035,1
t6_obstacles,/World/Warehouse/Grid/Cell_3_3_t6_obstacles,1.3,3,3,164.0201,11.8943,190.5999,1.119,1.79,1
t6_obstacles,/World/Warehouse/Grid/Cell_3_3_t6_obstacles,1.6,3,3,208.4952,14.6727,244.1115,1.2938,1.55,1
t7_stairs,/World/Warehouse/Grid/Cell_0_5_t7_stairs,1.1,3,3,156.4199,3.4506,182.1266,0.9724,2.06,1
t7_stairs,/World/Warehouse/Grid/Cell_0_5_t7_stairs,1.3,3,3,164.3181,6.7171,192.2477,1.1078,1.81,1
t7_stairs,/World/Warehouse/Grid/Cell_0_5_t7_stairs,1.6,3,3,171.289,15.0512,201.3603,1.2714,1.5767,1
